{"train_accuracy":0.875,"_timestamp":1.768154403795932e+09,"_step":4689,"_wandb":{"runtime":153},"_runtime":153,"train_loss":0.29839837551116943}